ürün,market,fiyat,tarih
domates,A101,80.84,2025-09-16
domates,şok,18.85,2025-09-16
domates,Bim,32.52,2025-09-16
domates,sultan,89.78,2025-09-16
domates,File,7.38,2025-09-16
patates,A101,25.95,2025-09-16
patates,şok,73.77,2025-09-16
patates,Bim,31.08,2025-09-16
patates,sultan,63.7,2025-09-16
patates,File,81.17,2025-09-16
soğan,A101,39.99,2025-09-16
soğan,şok,66.96,2025-09-16
soğan,Bim,36.28,2025-09-16
soğan,sultan,44.93,2025-09-16
soğan,File,28.66,2025-09-16
biber,A101,50.19,2025-09-16
biber,şok,77.4,2025-09-16
biber,Bim,27.52,2025-09-16
biber,sultan,56.75,2025-09-16
biber,File,54.7,2025-09-16
salatalık,A101,89.28,2025-09-16
salatalık,şok,94.79,2025-09-16
salatalık,Bim,50.98,2025-09-16
salatalık,sultan,64.93,2025-09-16
salatalık,File,22.57,2025-09-16
elma,A101,91.53,2025-09-16
elma,şok,6.73,2025-09-16
elma,Bim,66.03,2025-09-16
elma,sultan,15.59,2025-09-16
elma,File,14.58,2025-09-16
muz,A101,67.68,2025-09-16
muz,şok,14.87,2025-09-16
muz,Bim,17.77,2025-09-16
muz,sultan,8.82,2025-09-16
muz,File,27.6,2025-09-16
portakal,A101,46.15,2025-09-16
portakal,şok,31.37,2025-09-16
portakal,Bim,60.09,2025-09-16
portakal,sultan,61.32,2025-09-16
portakal,File,59.78,2025-09-16
süt,A101,17.4,2025-09-16
süt,şok,62.25,2025-09-16
süt,Bim,13.44,2025-09-16
süt,sultan,28.8,2025-09-16
süt,File,66.53,2025-09-16
peynir,A101,23.72,2025-09-16
peynir,şok,70.6,2025-09-16
peynir,Bim,89.32,2025-09-16
peynir,sultan,48.01,2025-09-16
peynir,File,43.1,2025-09-16
yumurta,A101,15.79,2025-09-16
yumurta,şok,82.35,2025-09-16
yumurta,Bim,26.24,2025-09-16
yumurta,sultan,29.95,2025-09-16
yumurta,File,52.34,2025-09-16
un,A101,9.22,2025-09-16
un,şok,76.4,2025-09-16
un,Bim,90.75,2025-09-16
un,sultan,41.23,2025-09-16
un,File,82.41,2025-09-16
pirinç,A101,66.0,2025-09-16
pirinç,şok,57.19,2025-09-16
pirinç,Bim,72.76,2025-09-16
pirinç,sultan,10.44,2025-09-16
pirinç,File,89.35,2025-09-16
zeytinyağı,A101,54.62,2025-09-16
zeytinyağı,şok,77.9,2025-09-16
zeytinyağı,Bim,49.69,2025-09-16
zeytinyağı,sultan,16.97,2025-09-16
zeytinyağı,File,55.42,2025-09-16
şeker,A101,92.34,2025-09-16
şeker,şok,70.92,2025-09-16
şeker,Bim,54.63,2025-09-16
şeker,sultan,95.65,2025-09-16
şeker,File,67.35,2025-09-16
domates,A101,88.21,2025-09-15
domates,şok,34.97,2025-09-15
domates,Bim,21.72,2025-09-15
domates,sultan,28.57,2025-09-15
domates,File,57.13,2025-09-15
patates,A101,92.05,2025-09-15
patates,şok,32.98,2025-09-15
patates,Bim,31.06,2025-09-15
patates,sultan,5.82,2025-09-15
patates,File,60.21,2025-09-15
soğan,A101,27.78,2025-09-15
soğan,şok,47.33,2025-09-15
soğan,Bim,58.09,2025-09-15
soğan,sultan,25.92,2025-09-15
soğan,File,91.53,2025-09-15
biber,A101,37.2,2025-09-15
biber,şok,11.07,2025-09-15
biber,Bim,40.35,2025-09-15
biber,sultan,96.13,2025-09-15
biber,File,48.94,2025-09-15
salatalık,A101,98.35,2025-09-15
salatalık,şok,19.06,2025-09-15
salatalık,Bim,81.01,2025-09-15
salatalık,sultan,43.31,2025-09-15
salatalık,File,7.89,2025-09-15
elma,A101,50.82,2025-09-15
elma,şok,90.56,2025-09-15
elma,Bim,92.61,2025-09-15
elma,sultan,24.95,2025-09-15
elma,File,46.65,2025-09-15
muz,A101,21.49,2025-09-15
muz,şok,12.45,2025-09-15
muz,Bim,25.62,2025-09-15
muz,sultan,22.84,2025-09-15
muz,File,83.97,2025-09-15
portakal,A101,73.21,2025-09-15
portakal,şok,8.52,2025-09-15
portakal,Bim,69.25,2025-09-15
portakal,sultan,46.31,2025-09-15
portakal,File,96.27,2025-09-15
süt,A101,96.49,2025-09-15
süt,şok,83.47,2025-09-15
süt,Bim,38.85,2025-09-15
süt,sultan,24.96,2025-09-15
süt,File,69.33,2025-09-15
peynir,A101,85.27,2025-09-15
peynir,şok,12.25,2025-09-15
peynir,Bim,85.33,2025-09-15
peynir,sultan,18.7,2025-09-15
peynir,File,36.81,2025-09-15
yumurta,A101,89.86,2025-09-15
yumurta,şok,21.63,2025-09-15
yumurta,Bim,88.56,2025-09-15
yumurta,sultan,45.19,2025-09-15
yumurta,File,95.81,2025-09-15
un,A101,47.76,2025-09-15
un,şok,87.32,2025-09-15
un,Bim,12.53,2025-09-15
un,sultan,26.33,2025-09-15
un,File,53.47,2025-09-15
pirinç,A101,73.92,2025-09-15
pirinç,şok,19.46,2025-09-15
pirinç,Bim,46.17,2025-09-15
pirinç,sultan,85.73,2025-09-15
pirinç,File,80.6,2025-09-15
zeytinyağı,A101,65.32,2025-09-15
zeytinyağı,şok,23.58,2025-09-15
zeytinyağı,Bim,79.88,2025-09-15
zeytinyağı,sultan,73.61,2025-09-15
zeytinyağı,File,6.1,2025-09-15
şeker,A101,69.47,2025-09-15
şeker,şok,50.69,2025-09-15
şeker,Bim,67.6,2025-09-15
şeker,sultan,67.16,2025-09-15
şeker,File,51.63,2025-09-15
domates,A101,31.36,2025-09-14
domates,şok,40.11,2025-09-14
domates,Bim,90.34,2025-09-14
domates,sultan,8.74,2025-09-14
domates,File,16.96,2025-09-14
patates,A101,17.83,2025-09-14
patates,şok,94.76,2025-09-14
patates,Bim,43.38,2025-09-14
patates,sultan,94.81,2025-09-14
patates,File,43.38,2025-09-14
soğan,A101,83.04,2025-09-14
soğan,şok,73.65,2025-09-14
soğan,Bim,82.24,2025-09-14
soğan,sultan,52.71,2025-09-14
soğan,File,81.03,2025-09-14
biber,A101,9.71,2025-09-14
biber,şok,33.63,2025-09-14
biber,Bim,72.03,2025-09-14
biber,sultan,91.7,2025-09-14
biber,File,44.01,2025-09-14
salatalık,A101,80.2,2025-09-14
salatalık,şok,86.63,2025-09-14
salatalık,Bim,98.79,2025-09-14
salatalık,sultan,91.08,2025-09-14
salatalık,File,40.03,2025-09-14
elma,A101,86.91,2025-09-14
elma,şok,62.38,2025-09-14
elma,Bim,84.75,2025-09-14
elma,sultan,77.91,2025-09-14
elma,File,48.09,2025-09-14
muz,A101,17.96,2025-09-14
muz,şok,74.54,2025-09-14
muz,Bim,48.27,2025-09-14
muz,sultan,25.07,2025-09-14
muz,File,59.24,2025-09-14
portakal,A101,60.02,2025-09-14
portakal,şok,97.64,2025-09-14
portakal,Bim,18.55,2025-09-14
portakal,sultan,26.26,2025-09-14
portakal,File,68.38,2025-09-14
süt,A101,68.32,2025-09-14
süt,şok,44.5,2025-09-14
süt,Bim,28.59,2025-09-14
süt,sultan,21.55,2025-09-14
süt,File,5.41,2025-09-14
peynir,A101,25.61,2025-09-14
peynir,şok,5.91,2025-09-14
peynir,Bim,37.28,2025-09-14
peynir,sultan,73.38,2025-09-14
peynir,File,35.55,2025-09-14
yumurta,A101,29.62,2025-09-14
yumurta,şok,62.73,2025-09-14
yumurta,Bim,87.99,2025-09-14
yumurta,sultan,84.4,2025-09-14
yumurta,File,74.81,2025-09-14
un,A101,76.21,2025-09-14
un,şok,53.3,2025-09-14
un,Bim,99.43,2025-09-14
un,sultan,64.52,2025-09-14
un,File,31.23,2025-09-14
pirinç,A101,32.09,2025-09-14
pirinç,şok,40.91,2025-09-14
pirinç,Bim,27.99,2025-09-14
pirinç,sultan,24.02,2025-09-14
pirinç,File,16.24,2025-09-14
zeytinyağı,A101,27.24,2025-09-14
zeytinyağı,şok,44.68,2025-09-14
zeytinyağı,Bim,14.88,2025-09-14
zeytinyağı,sultan,53.01,2025-09-14
zeytinyağı,File,8.77,2025-09-14
şeker,A101,34.24,2025-09-14
şeker,şok,63.17,2025-09-14
şeker,Bim,29.16,2025-09-14
şeker,sultan,93.98,2025-09-14
şeker,File,25.87,2025-09-14
domates,A101,11.74,2025-09-13
domates,şok,47.8,2025-09-13
domates,Bim,50.6,2025-09-13
domates,sultan,16.78,2025-09-13
domates,File,75.44,2025-09-13
patates,A101,20.19,2025-09-13
patates,şok,75.68,2025-09-13
patates,Bim,83.79,2025-09-13
patates,sultan,79.69,2025-09-13
patates,File,45.17,2025-09-13
soğan,A101,64.8,2025-09-13
soğan,şok,29.15,2025-09-13
soğan,Bim,56.42,2025-09-13
soğan,sultan,38.8,2025-09-13
soğan,File,36.23,2025-09-13
biber,A101,35.34,2025-09-13
biber,şok,6.68,2025-09-13
biber,Bim,43.56,2025-09-13
biber,sultan,65.66,2025-09-13
biber,File,76.07,2025-09-13
salatalık,A101,95.4,2025-09-13
salatalık,şok,56.88,2025-09-13
salatalık,Bim,84.55,2025-09-13
salatalık,sultan,10.69,2025-09-13
salatalık,File,64.22,2025-09-13
elma,A101,25.64,2025-09-13
elma,şok,21.52,2025-09-13
elma,Bim,36.26,2025-09-13
elma,sultan,47.87,2025-09-13
elma,File,23.18,2025-09-13
muz,A101,32.71,2025-09-13
muz,şok,17.26,2025-09-13
muz,Bim,38.22,2025-09-13
muz,sultan,95.22,2025-09-13
muz,File,11.78,2025-09-13
portakal,A101,78.23,2025-09-13
portakal,şok,43.09,2025-09-13
portakal,Bim,82.78,2025-09-13
portakal,sultan,66.28,2025-09-13
portakal,File,72.64,2025-09-13
süt,A101,15.28,2025-09-13
süt,şok,70.23,2025-09-13
süt,Bim,42.77,2025-09-13
süt,sultan,56.17,2025-09-13
süt,File,52.19,2025-09-13
peynir,A101,25.17,2025-09-13
peynir,şok,27.19,2025-09-13
peynir,Bim,69.78,2025-09-13
peynir,sultan,83.75,2025-09-13
peynir,File,22.12,2025-09-13
yumurta,A101,83.15,2025-09-13
yumurta,şok,89.94,2025-09-13
yumurta,Bim,52.47,2025-09-13
yumurta,sultan,60.64,2025-09-13
yumurta,File,82.33,2025-09-13
un,A101,89.98,2025-09-13
un,şok,9.49,2025-09-13
un,Bim,86.13,2025-09-13
un,sultan,70.62,2025-09-13
un,File,87.88,2025-09-13
pirinç,A101,37.53,2025-09-13
pirinç,şok,44.24,2025-09-13
pirinç,Bim,31.29,2025-09-13
pirinç,sultan,77.58,2025-09-13
pirinç,File,94.76,2025-09-13
zeytinyağı,A101,85.29,2025-09-13
zeytinyağı,şok,74.58,2025-09-13
zeytinyağı,Bim,77.95,2025-09-13
zeytinyağı,sultan,41.19,2025-09-13
zeytinyağı,File,21.36,2025-09-13
şeker,A101,40.99,2025-09-13
şeker,şok,93.72,2025-09-13
şeker,Bim,85.64,2025-09-13
şeker,sultan,97.18,2025-09-13
şeker,File,63.42,2025-09-13
domates,A101,61.23,2025-09-12
domates,şok,60.03,2025-09-12
domates,Bim,68.61,2025-09-12
domates,sultan,49.92,2025-09-12
domates,File,21.53,2025-09-12
patates,A101,71.11,2025-09-12
patates,şok,83.77,2025-09-12
patates,Bim,68.55,2025-09-12
patates,sultan,63.31,2025-09-12
patates,File,18.67,2025-09-12
soğan,A101,65.09,2025-09-12
soğan,şok,9.98,2025-09-12
soğan,Bim,54.74,2025-09-12
soğan,sultan,43.79,2025-09-12
soğan,File,33.79,2025-09-12
biber,A101,56.63,2025-09-12
biber,şok,55.84,2025-09-12
biber,Bim,99.51,2025-09-12
biber,sultan,54.07,2025-09-12
biber,File,74.67,2025-09-12
salatalık,A101,58.38,2025-09-12
salatalık,şok,70.7,2025-09-12
salatalık,Bim,79.59,2025-09-12
salatalık,sultan,61.57,2025-09-12
salatalık,File,77.91,2025-09-12
elma,A101,97.71,2025-09-12
elma,şok,29.75,2025-09-12
elma,Bim,18.47,2025-09-12
elma,sultan,8.3,2025-09-12
elma,File,87.02,2025-09-12
muz,A101,72.5,2025-09-12
muz,şok,74.53,2025-09-12
muz,Bim,64.91,2025-09-12
muz,sultan,70.07,2025-09-12
muz,File,42.04,2025-09-12
portakal,A101,82.79,2025-09-12
portakal,şok,38.14,2025-09-12
portakal,Bim,68.47,2025-09-12
portakal,sultan,60.36,2025-09-12
portakal,File,68.07,2025-09-12
süt,A101,45.47,2025-09-12
süt,şok,33.29,2025-09-12
süt,Bim,24.62,2025-09-12
süt,sultan,47.62,2025-09-12
süt,File,26.09,2025-09-12
peynir,A101,56.6,2025-09-12
peynir,şok,12.27,2025-09-12
peynir,Bim,20.94,2025-09-12
peynir,sultan,82.06,2025-09-12
peynir,File,39.93,2025-09-12
yumurta,A101,5.09,2025-09-12
yumurta,şok,46.67,2025-09-12
yumurta,Bim,39.14,2025-09-12
yumurta,sultan,13.93,2025-09-12
yumurta,File,86.93,2025-09-12
un,A101,79.83,2025-09-12
un,şok,46.34,2025-09-12
un,Bim,20.37,2025-09-12
un,sultan,97.9,2025-09-12
un,File,8.79,2025-09-12
pirinç,A101,16.1,2025-09-12
pirinç,şok,56.71,2025-09-12
pirinç,Bim,47.65,2025-09-12
pirinç,sultan,28.87,2025-09-12
pirinç,File,66.77,2025-09-12
zeytinyağı,A101,24.34,2025-09-12
zeytinyağı,şok,21.99,2025-09-12
zeytinyağı,Bim,26.28,2025-09-12
zeytinyağı,sultan,36.71,2025-09-12
zeytinyağı,File,81.02,2025-09-12
şeker,A101,38.71,2025-09-12
şeker,şok,29.02,2025-09-12
şeker,Bim,26.33,2025-09-12
şeker,sultan,12.56,2025-09-12
şeker,File,16.05,2025-09-12
domates,A101,75.0,2025-09-11
domates,şok,77.27,2025-09-11
domates,Bim,79.22,2025-09-11
domates,sultan,22.3,2025-09-11
domates,File,82.82,2025-09-11
patates,A101,23.42,2025-09-11
patates,şok,91.07,2025-09-11
patates,Bim,95.6,2025-09-11
patates,sultan,85.03,2025-09-11
patates,File,6.9,2025-09-11
soğan,A101,27.9,2025-09-11
soğan,şok,24.06,2025-09-11
soğan,Bim,86.69,2025-09-11
soğan,sultan,58.35,2025-09-11
soğan,File,21.12,2025-09-11
biber,A101,65.5,2025-09-11
biber,şok,68.53,2025-09-11
biber,Bim,73.04,2025-09-11
biber,sultan,87.05,2025-09-11
biber,File,53.3,2025-09-11
salatalık,A101,85.15,2025-09-11
salatalık,şok,10.5,2025-09-11
salatalık,Bim,5.34,2025-09-11
salatalık,sultan,52.42,2025-09-11
salatalık,File,53.16,2025-09-11
elma,A101,55.74,2025-09-11
elma,şok,64.06,2025-09-11
elma,Bim,30.54,2025-09-11
elma,sultan,12.69,2025-09-11
elma,File,79.21,2025-09-11
muz,A101,27.74,2025-09-11
muz,şok,90.35,2025-09-11
muz,Bim,34.3,2025-09-11
muz,sultan,44.3,2025-09-11
muz,File,77.41,2025-09-11
portakal,A101,22.38,2025-09-11
portakal,şok,39.93,2025-09-11
portakal,Bim,34.69,2025-09-11
portakal,sultan,26.43,2025-09-11
portakal,File,56.63,2025-09-11
süt,A101,20.88,2025-09-11
süt,şok,34.88,2025-09-11
süt,Bim,25.43,2025-09-11
süt,sultan,39.36,2025-09-11
süt,File,91.07,2025-09-11
peynir,A101,30.47,2025-09-11
peynir,şok,42.32,2025-09-11
peynir,Bim,94.51,2025-09-11
peynir,sultan,75.35,2025-09-11
peynir,File,67.35,2025-09-11
yumurta,A101,29.92,2025-09-11
yumurta,şok,65.92,2025-09-11
yumurta,Bim,29.42,2025-09-11
yumurta,sultan,97.1,2025-09-11
yumurta,File,56.24,2025-09-11
un,A101,51.49,2025-09-11
un,şok,15.79,2025-09-11
un,Bim,26.68,2025-09-11
un,sultan,30.43,2025-09-11
un,File,69.27,2025-09-11
pirinç,A101,19.64,2025-09-11
pirinç,şok,59.16,2025-09-11
pirinç,Bim,74.23,2025-09-11
pirinç,sultan,37.07,2025-09-11
pirinç,File,64.83,2025-09-11
zeytinyağı,A101,52.9,2025-09-11
zeytinyağı,şok,95.1,2025-09-11
zeytinyağı,Bim,9.98,2025-09-11
zeytinyağı,sultan,74.64,2025-09-11
zeytinyağı,File,41.77,2025-09-11
şeker,A101,87.48,2025-09-11
şeker,şok,75.34,2025-09-11
şeker,Bim,43.56,2025-09-11
şeker,sultan,92.68,2025-09-11
şeker,File,93.79,2025-09-11
domates,A101,63.89,2025-09-10
domates,şok,78.82,2025-09-10
domates,Bim,21.07,2025-09-10
domates,sultan,35.74,2025-09-10
domates,File,92.69,2025-09-10
patates,A101,85.47,2025-09-10
patates,şok,11.69,2025-09-10
patates,Bim,24.94,2025-09-10
patates,sultan,26.05,2025-09-10
patates,File,61.51,2025-09-10
soğan,A101,73.08,2025-09-10
soğan,şok,40.47,2025-09-10
soğan,Bim,84.8,2025-09-10
soğan,sultan,47.33,2025-09-10
soğan,File,99.16,2025-09-10
biber,A101,31.87,2025-09-10
biber,şok,7.04,2025-09-10
biber,Bim,44.86,2025-09-10
biber,sultan,70.11,2025-09-10
biber,File,6.97,2025-09-10
salatalık,A101,10.69,2025-09-10
salatalık,şok,45.7,2025-09-10
salatalık,Bim,80.71,2025-09-10
salatalık,sultan,91.78,2025-09-10
salatalık,File,9.4,2025-09-10
elma,A101,96.12,2025-09-10
elma,şok,95.51,2025-09-10
elma,Bim,15.9,2025-09-10
elma,sultan,33.97,2025-09-10
elma,File,76.74,2025-09-10
muz,A101,63.25,2025-09-10
muz,şok,6.47,2025-09-10
muz,Bim,65.52,2025-09-10
muz,sultan,63.35,2025-09-10
muz,File,98.57,2025-09-10
portakal,A101,21.66,2025-09-10
portakal,şok,49.81,2025-09-10
portakal,Bim,48.35,2025-09-10
portakal,sultan,23.54,2025-09-10
portakal,File,48.02,2025-09-10
süt,A101,37.93,2025-09-10
süt,şok,44.22,2025-09-10
süt,Bim,86.97,2025-09-10
süt,sultan,61.35,2025-09-10
süt,File,53.83,2025-09-10
peynir,A101,35.9,2025-09-10
peynir,şok,40.56,2025-09-10
peynir,Bim,17.69,2025-09-10
peynir,sultan,57.26,2025-09-10
peynir,File,9.72,2025-09-10
yumurta,A101,13.8,2025-09-10
yumurta,şok,87.77,2025-09-10
yumurta,Bim,45.51,2025-09-10
yumurta,sultan,63.18,2025-09-10
yumurta,File,62.13,2025-09-10
un,A101,95.61,2025-09-10
un,şok,9.47,2025-09-10
un,Bim,72.18,2025-09-10
un,sultan,15.41,2025-09-10
un,File,92.26,2025-09-10
pirinç,A101,44.9,2025-09-10
pirinç,şok,55.91,2025-09-10
pirinç,Bim,57.93,2025-09-10
pirinç,sultan,81.76,2025-09-10
pirinç,File,44.46,2025-09-10
zeytinyağı,A101,62.39,2025-09-10
zeytinyağı,şok,78.88,2025-09-10
zeytinyağı,Bim,42.04,2025-09-10
zeytinyağı,sultan,23.48,2025-09-10
zeytinyağı,File,80.12,2025-09-10
şeker,A101,8.36,2025-09-10
şeker,şok,57.88,2025-09-10
şeker,Bim,34.58,2025-09-10
şeker,sultan,78.96,2025-09-10
şeker,File,50.54,2025-09-10
domates,A101,38.0,2025-09-09
domates,şok,86.85,2025-09-09
domates,Bim,54.09,2025-09-09
domates,sultan,43.63,2025-09-09
domates,File,73.22,2025-09-09
patates,A101,49.07,2025-09-09
patates,şok,60.28,2025-09-09
patates,Bim,59.51,2025-09-09
patates,sultan,57.81,2025-09-09
patates,File,22.09,2025-09-09
soğan,A101,79.61,2025-09-09
soğan,şok,7.4,2025-09-09
soğan,Bim,93.43,2025-09-09
soğan,sultan,72.39,2025-09-09
soğan,File,47.96,2025-09-09
biber,A101,21.39,2025-09-09
biber,şok,53.04,2025-09-09
biber,Bim,13.87,2025-09-09
biber,sultan,55.73,2025-09-09
biber,File,63.29,2025-09-09
salatalık,A101,83.0,2025-09-09
salatalık,şok,14.05,2025-09-09
salatalık,Bim,87.68,2025-09-09
salatalık,sultan,31.34,2025-09-09
salatalık,File,54.58,2025-09-09
elma,A101,90.61,2025-09-09
elma,şok,94.89,2025-09-09
elma,Bim,34.41,2025-09-09
elma,sultan,84.36,2025-09-09
elma,File,35.27,2025-09-09
muz,A101,86.06,2025-09-09
muz,şok,10.58,2025-09-09
muz,Bim,70.98,2025-09-09
muz,sultan,20.27,2025-09-09
muz,File,75.28,2025-09-09
portakal,A101,98.48,2025-09-09
portakal,şok,25.18,2025-09-09
portakal,Bim,78.76,2025-09-09
portakal,sultan,45.65,2025-09-09
portakal,File,62.38,2025-09-09
süt,A101,84.33,2025-09-09
süt,şok,67.98,2025-09-09
süt,Bim,70.23,2025-09-09
süt,sultan,9.59,2025-09-09
süt,File,26.04,2025-09-09
peynir,A101,83.87,2025-09-09
peynir,şok,33.98,2025-09-09
peynir,Bim,85.29,2025-09-09
peynir,sultan,80.64,2025-09-09
peynir,File,44.21,2025-09-09
yumurta,A101,33.02,2025-09-09
yumurta,şok,57.67,2025-09-09
yumurta,Bim,46.91,2025-09-09
yumurta,sultan,93.68,2025-09-09
yumurta,File,23.88,2025-09-09
un,A101,73.76,2025-09-09
un,şok,61.31,2025-09-09
un,Bim,29.73,2025-09-09
un,sultan,38.0,2025-09-09
un,File,66.65,2025-09-09
pirinç,A101,56.39,2025-09-09
pirinç,şok,26.21,2025-09-09
pirinç,Bim,23.47,2025-09-09
pirinç,sultan,80.45,2025-09-09
pirinç,File,73.39,2025-09-09
zeytinyağı,A101,71.3,2025-09-09
zeytinyağı,şok,46.7,2025-09-09
zeytinyağı,Bim,78.11,2025-09-09
zeytinyağı,sultan,30.38,2025-09-09
zeytinyağı,File,70.17,2025-09-09
şeker,A101,6.67,2025-09-09
şeker,şok,75.18,2025-09-09
şeker,Bim,13.2,2025-09-09
şeker,sultan,60.51,2025-09-09
şeker,File,65.49,2025-09-09
domates,A101,86.4,2025-09-08
domates,şok,59.04,2025-09-08
domates,Bim,70.18,2025-09-08
domates,sultan,90.03,2025-09-08
domates,File,68.59,2025-09-08
patates,A101,34.77,2025-09-08
patates,şok,5.62,2025-09-08
patates,Bim,69.97,2025-09-08
patates,sultan,83.11,2025-09-08
patates,File,97.31,2025-09-08
soğan,A101,5.78,2025-09-08
soğan,şok,24.62,2025-09-08
soğan,Bim,50.68,2025-09-08
soğan,sultan,97.96,2025-09-08
soğan,File,62.58,2025-09-08
biber,A101,21.37,2025-09-08
biber,şok,42.85,2025-09-08
biber,Bim,35.38,2025-09-08
biber,sultan,89.83,2025-09-08
biber,File,38.33,2025-09-08
salatalık,A101,98.05,2025-09-08
salatalık,şok,28.94,2025-09-08
salatalık,Bim,95.62,2025-09-08
salatalık,sultan,52.65,2025-09-08
salatalık,File,67.95,2025-09-08
elma,A101,94.25,2025-09-08
elma,şok,33.58,2025-09-08
elma,Bim,39.36,2025-09-08
elma,sultan,7.61,2025-09-08
elma,File,88.79,2025-09-08
muz,A101,16.79,2025-09-08
muz,şok,84.03,2025-09-08
muz,Bim,10.58,2025-09-08
muz,sultan,72.16,2025-09-08
muz,File,39.9,2025-09-08
portakal,A101,41.54,2025-09-08
portakal,şok,86.29,2025-09-08
portakal,Bim,44.63,2025-09-08
portakal,sultan,91.03,2025-09-08
portakal,File,14.97,2025-09-08
süt,A101,76.93,2025-09-08
süt,şok,85.87,2025-09-08
süt,Bim,21.57,2025-09-08
süt,sultan,86.79,2025-09-08
süt,File,90.59,2025-09-08
peynir,A101,38.5,2025-09-08
peynir,şok,55.38,2025-09-08
peynir,Bim,82.91,2025-09-08
peynir,sultan,90.71,2025-09-08
peynir,File,33.17,2025-09-08
yumurta,A101,63.74,2025-09-08
yumurta,şok,68.8,2025-09-08
yumurta,Bim,39.09,2025-09-08
yumurta,sultan,77.48,2025-09-08
yumurta,File,43.32,2025-09-08
un,A101,69.51,2025-09-08
un,şok,10.99,2025-09-08
un,Bim,64.18,2025-09-08
un,sultan,45.05,2025-09-08
un,File,68.01,2025-09-08
pirinç,A101,30.8,2025-09-08
pirinç,şok,63.38,2025-09-08
pirinç,Bim,91.43,2025-09-08
pirinç,sultan,22.4,2025-09-08
pirinç,File,55.46,2025-09-08
zeytinyağı,A101,75.74,2025-09-08
zeytinyağı,şok,71.65,2025-09-08
zeytinyağı,Bim,50.69,2025-09-08
zeytinyağı,sultan,11.63,2025-09-08
zeytinyağı,File,47.65,2025-09-08
şeker,A101,92.6,2025-09-08
şeker,şok,30.85,2025-09-08
şeker,Bim,19.59,2025-09-08
şeker,sultan,92.87,2025-09-08
şeker,File,97.81,2025-09-08
domates,A101,33.75,2025-09-07
domates,şok,34.73,2025-09-07
domates,Bim,67.9,2025-09-07
domates,sultan,8.64,2025-09-07
domates,File,26.59,2025-09-07
patates,A101,65.54,2025-09-07
patates,şok,48.1,2025-09-07
patates,Bim,89.21,2025-09-07
patates,sultan,78.28,2025-09-07
patates,File,58.85,2025-09-07
soğan,A101,39.11,2025-09-07
soğan,şok,74.69,2025-09-07
soğan,Bim,53.72,2025-09-07
soğan,sultan,98.69,2025-09-07
soğan,File,73.83,2025-09-07
biber,A101,50.03,2025-09-07
biber,şok,69.82,2025-09-07
biber,Bim,86.05,2025-09-07
biber,sultan,31.12,2025-09-07
biber,File,8.28,2025-09-07
salatalık,A101,24.36,2025-09-07
salatalık,şok,97.05,2025-09-07
salatalık,Bim,49.68,2025-09-07
salatalık,sultan,34.31,2025-09-07
salatalık,File,32.14,2025-09-07
elma,A101,93.71,2025-09-07
elma,şok,99.27,2025-09-07
elma,Bim,75.36,2025-09-07
elma,sultan,75.88,2025-09-07
elma,File,39.42,2025-09-07
muz,A101,19.62,2025-09-07
muz,şok,61.87,2025-09-07
muz,Bim,34.64,2025-09-07
muz,sultan,71.72,2025-09-07
muz,File,22.48,2025-09-07
portakal,A101,38.43,2025-09-07
portakal,şok,87.98,2025-09-07
portakal,Bim,44.41,2025-09-07
portakal,sultan,12.43,2025-09-07
portakal,File,69.4,2025-09-07
süt,A101,96.23,2025-09-07
süt,şok,92.07,2025-09-07
süt,Bim,18.78,2025-09-07
süt,sultan,33.12,2025-09-07
süt,File,95.69,2025-09-07
peynir,A101,14.39,2025-09-07
peynir,şok,60.99,2025-09-07
peynir,Bim,56.25,2025-09-07
peynir,sultan,87.58,2025-09-07
peynir,File,26.2,2025-09-07
yumurta,A101,58.07,2025-09-07
yumurta,şok,66.39,2025-09-07
yumurta,Bim,24.55,2025-09-07
yumurta,sultan,14.12,2025-09-07
yumurta,File,74.91,2025-09-07
un,A101,62.18,2025-09-07
un,şok,96.09,2025-09-07
un,Bim,8.71,2025-09-07
un,sultan,86.08,2025-09-07
un,File,34.03,2025-09-07
pirinç,A101,83.82,2025-09-07
pirinç,şok,87.92,2025-09-07
pirinç,Bim,20.12,2025-09-07
pirinç,sultan,66.76,2025-09-07
pirinç,File,74.59,2025-09-07
zeytinyağı,A101,10.42,2025-09-07
zeytinyağı,şok,71.65,2025-09-07
zeytinyağı,Bim,90.26,2025-09-07
zeytinyağı,sultan,99.78,2025-09-07
zeytinyağı,File,94.74,2025-09-07
şeker,A101,50.63,2025-09-07
şeker,şok,80.27,2025-09-07
şeker,Bim,33.35,2025-09-07
şeker,sultan,5.64,2025-09-07
şeker,File,68.57,2025-09-07
domates,A101,28.88,2025-09-06
domates,şok,13.24,2025-09-06
domates,Bim,77.05,2025-09-06
domates,sultan,39.76,2025-09-06
domates,File,16.03,2025-09-06
patates,A101,91.13,2025-09-06
patates,şok,50.86,2025-09-06
patates,Bim,17.36,2025-09-06
patates,sultan,94.44,2025-09-06
patates,File,92.87,2025-09-06
soğan,A101,26.63,2025-09-06
soğan,şok,66.49,2025-09-06
soğan,Bim,90.25,2025-09-06
soğan,sultan,10.28,2025-09-06
soğan,File,23.34,2025-09-06
biber,A101,14.81,2025-09-06
biber,şok,62.34,2025-09-06
biber,Bim,14.71,2025-09-06
biber,sultan,69.42,2025-09-06
biber,File,67.44,2025-09-06
salatalık,A101,25.25,2025-09-06
salatalık,şok,21.58,2025-09-06
salatalık,Bim,85.18,2025-09-06
salatalık,sultan,25.31,2025-09-06
salatalık,File,51.08,2025-09-06
elma,A101,68.95,2025-09-06
elma,şok,55.05,2025-09-06
elma,Bim,47.55,2025-09-06
elma,sultan,16.12,2025-09-06
elma,File,18.36,2025-09-06
muz,A101,86.55,2025-09-06
muz,şok,52.07,2025-09-06
muz,Bim,43.23,2025-09-06
muz,sultan,88.62,2025-09-06
muz,File,45.01,2025-09-06
portakal,A101,89.08,2025-09-06
portakal,şok,17.69,2025-09-06
portakal,Bim,91.1,2025-09-06
portakal,sultan,41.7,2025-09-06
portakal,File,43.0,2025-09-06
süt,A101,78.92,2025-09-06
süt,şok,37.47,2025-09-06
süt,Bim,40.66,2025-09-06
süt,sultan,34.68,2025-09-06
süt,File,51.45,2025-09-06
peynir,A101,6.71,2025-09-06
peynir,şok,24.24,2025-09-06
peynir,Bim,40.47,2025-09-06
peynir,sultan,92.1,2025-09-06
peynir,File,78.73,2025-09-06
yumurta,A101,56.89,2025-09-06
yumurta,şok,98.21,2025-09-06
yumurta,Bim,74.14,2025-09-06
yumurta,sultan,13.89,2025-09-06
yumurta,File,93.19,2025-09-06
un,A101,70.04,2025-09-06
un,şok,30.09,2025-09-06
un,Bim,66.12,2025-09-06
un,sultan,29.39,2025-09-06
un,File,29.07,2025-09-06
pirinç,A101,15.75,2025-09-06
pirinç,şok,70.87,2025-09-06
pirinç,Bim,62.62,2025-09-06
pirinç,sultan,43.51,2025-09-06
pirinç,File,34.96,2025-09-06
zeytinyağı,A101,74.46,2025-09-06
zeytinyağı,şok,19.38,2025-09-06
zeytinyağı,Bim,86.54,2025-09-06
zeytinyağı,sultan,97.71,2025-09-06
zeytinyağı,File,91.35,2025-09-06
şeker,A101,30.81,2025-09-06
şeker,şok,70.24,2025-09-06
şeker,Bim,17.18,2025-09-06
şeker,sultan,6.03,2025-09-06
şeker,File,47.24,2025-09-06
domates,A101,79.5,2025-09-05
domates,şok,33.66,2025-09-05
domates,Bim,61.6,2025-09-05
domates,sultan,18.4,2025-09-05
domates,File,5.26,2025-09-05
patates,A101,52.57,2025-09-05
patates,şok,53.89,2025-09-05
patates,Bim,15.04,2025-09-05
patates,sultan,44.83,2025-09-05
patates,File,70.81,2025-09-05
soğan,A101,79.04,2025-09-05
soğan,şok,7.46,2025-09-05
soğan,Bim,62.95,2025-09-05
soğan,sultan,46.97,2025-09-05
soğan,File,23.26,2025-09-05
biber,A101,91.55,2025-09-05
biber,şok,37.76,2025-09-05
biber,Bim,25.0,2025-09-05
biber,sultan,12.79,2025-09-05
biber,File,37.76,2025-09-05
salatalık,A101,37.22,2025-09-05
salatalık,şok,64.52,2025-09-05
salatalık,Bim,61.37,2025-09-05
salatalık,sultan,66.57,2025-09-05
salatalık,File,78.81,2025-09-05
elma,A101,64.02,2025-09-05
elma,şok,34.86,2025-09-05
elma,Bim,65.87,2025-09-05
elma,sultan,29.7,2025-09-05
elma,File,61.84,2025-09-05
muz,A101,5.72,2025-09-05
muz,şok,78.26,2025-09-05
muz,Bim,83.18,2025-09-05
muz,sultan,16.58,2025-09-05
muz,File,87.3,2025-09-05
portakal,A101,12.42,2025-09-05
portakal,şok,47.71,2025-09-05
portakal,Bim,60.98,2025-09-05
portakal,sultan,18.51,2025-09-05
portakal,File,25.54,2025-09-05
süt,A101,16.97,2025-09-05
süt,şok,41.4,2025-09-05
süt,Bim,99.48,2025-09-05
süt,sultan,67.31,2025-09-05
süt,File,86.43,2025-09-05
peynir,A101,63.49,2025-09-05
peynir,şok,33.89,2025-09-05
peynir,Bim,77.2,2025-09-05
peynir,sultan,11.44,2025-09-05
peynir,File,86.63,2025-09-05
yumurta,A101,90.89,2025-09-05
yumurta,şok,11.51,2025-09-05
yumurta,Bim,21.49,2025-09-05
yumurta,sultan,70.81,2025-09-05
yumurta,File,20.5,2025-09-05
un,A101,34.19,2025-09-05
un,şok,63.82,2025-09-05
un,Bim,52.24,2025-09-05
un,sultan,85.97,2025-09-05
un,File,60.71,2025-09-05
pirinç,A101,74.92,2025-09-05
pirinç,şok,32.72,2025-09-05
pirinç,Bim,85.05,2025-09-05
pirinç,sultan,72.88,2025-09-05
pirinç,File,85.8,2025-09-05
zeytinyağı,A101,33.75,2025-09-05
zeytinyağı,şok,43.41,2025-09-05
zeytinyağı,Bim,57.29,2025-09-05
zeytinyağı,sultan,95.41,2025-09-05
zeytinyağı,File,25.41,2025-09-05
şeker,A101,52.66,2025-09-05
şeker,şok,22.11,2025-09-05
şeker,Bim,57.42,2025-09-05
şeker,sultan,51.84,2025-09-05
şeker,File,21.86,2025-09-05
domates,A101,59.75,2025-09-04
domates,şok,66.0,2025-09-04
domates,Bim,32.87,2025-09-04
domates,sultan,99.8,2025-09-04
domates,File,39.89,2025-09-04
patates,A101,65.12,2025-09-04
patates,şok,48.32,2025-09-04
patates,Bim,95.28,2025-09-04
patates,sultan,78.68,2025-09-04
patates,File,5.55,2025-09-04
soğan,A101,77.91,2025-09-04
soğan,şok,75.69,2025-09-04
soğan,Bim,25.13,2025-09-04
soğan,sultan,93.9,2025-09-04
soğan,File,59.08,2025-09-04
biber,A101,37.44,2025-09-04
biber,şok,26.26,2025-09-04
biber,Bim,53.73,2025-09-04
biber,sultan,86.3,2025-09-04
biber,File,90.55,2025-09-04
salatalık,A101,73.51,2025-09-04
salatalık,şok,94.29,2025-09-04
salatalık,Bim,6.87,2025-09-04
salatalık,sultan,55.72,2025-09-04
salatalık,File,64.29,2025-09-04
elma,A101,5.35,2025-09-04
elma,şok,84.39,2025-09-04
elma,Bim,22.86,2025-09-04
elma,sultan,43.87,2025-09-04
elma,File,98.5,2025-09-04
muz,A101,21.14,2025-09-04
muz,şok,87.63,2025-09-04
muz,Bim,29.98,2025-09-04
muz,sultan,42.13,2025-09-04
muz,File,54.19,2025-09-04
portakal,A101,36.4,2025-09-04
portakal,şok,65.9,2025-09-04
portakal,Bim,21.96,2025-09-04
portakal,sultan,67.3,2025-09-04
portakal,File,99.71,2025-09-04
süt,A101,48.21,2025-09-04
süt,şok,7.08,2025-09-04
süt,Bim,34.74,2025-09-04
süt,sultan,90.58,2025-09-04
süt,File,5.84,2025-09-04
peynir,A101,11.48,2025-09-04
peynir,şok,61.01,2025-09-04
peynir,Bim,60.84,2025-09-04
peynir,sultan,98.21,2025-09-04
peynir,File,7.74,2025-09-04
yumurta,A101,84.99,2025-09-04
yumurta,şok,88.65,2025-09-04
yumurta,Bim,97.23,2025-09-04
yumurta,sultan,34.22,2025-09-04
yumurta,File,92.02,2025-09-04
un,A101,55.37,2025-09-04
un,şok,59.97,2025-09-04
un,Bim,73.8,2025-09-04
un,sultan,81.79,2025-09-04
un,File,64.23,2025-09-04
pirinç,A101,18.87,2025-09-04
pirinç,şok,47.37,2025-09-04
pirinç,Bim,28.29,2025-09-04
pirinç,sultan,58.07,2025-09-04
pirinç,File,20.89,2025-09-04
zeytinyağı,A101,69.94,2025-09-04
zeytinyağı,şok,45.21,2025-09-04
zeytinyağı,Bim,94.48,2025-09-04
zeytinyağı,sultan,6.61,2025-09-04
zeytinyağı,File,33.37,2025-09-04
şeker,A101,9.02,2025-09-04
şeker,şok,74.78,2025-09-04
şeker,Bim,14.32,2025-09-04
şeker,sultan,25.42,2025-09-04
şeker,File,18.19,2025-09-04
domates,A101,39.34,2025-09-03
domates,şok,47.1,2025-09-03
domates,Bim,66.96,2025-09-03
domates,sultan,18.11,2025-09-03
domates,File,95.59,2025-09-03
patates,A101,77.06,2025-09-03
patates,şok,9.29,2025-09-03
patates,Bim,49.45,2025-09-03
patates,sultan,24.23,2025-09-03
patates,File,41.66,2025-09-03
soğan,A101,44.03,2025-09-03
soğan,şok,52.91,2025-09-03
soğan,Bim,40.91,2025-09-03
soğan,sultan,68.71,2025-09-03
soğan,File,47.68,2025-09-03
biber,A101,90.39,2025-09-03
biber,şok,9.68,2025-09-03
biber,Bim,23.95,2025-09-03
biber,sultan,55.91,2025-09-03
biber,File,60.7,2025-09-03
salatalık,A101,69.29,2025-09-03
salatalık,şok,85.59,2025-09-03
salatalık,Bim,33.54,2025-09-03
salatalık,sultan,7.11,2025-09-03
salatalık,File,67.51,2025-09-03
elma,A101,29.01,2025-09-03
elma,şok,73.15,2025-09-03
elma,Bim,30.93,2025-09-03
elma,sultan,63.06,2025-09-03
elma,File,43.79,2025-09-03
muz,A101,42.75,2025-09-03
muz,şok,30.04,2025-09-03
muz,Bim,71.58,2025-09-03
muz,sultan,11.39,2025-09-03
muz,File,55.37,2025-09-03
portakal,A101,56.73,2025-09-03
portakal,şok,24.43,2025-09-03
portakal,Bim,52.21,2025-09-03
portakal,sultan,79.0,2025-09-03
portakal,File,73.88,2025-09-03
süt,A101,77.99,2025-09-03
süt,şok,11.73,2025-09-03
süt,Bim,52.93,2025-09-03
süt,sultan,76.26,2025-09-03
süt,File,51.95,2025-09-03
peynir,A101,11.14,2025-09-03
peynir,şok,18.66,2025-09-03
peynir,Bim,12.68,2025-09-03
peynir,sultan,81.17,2025-09-03
peynir,File,53.29,2025-09-03
yumurta,A101,22.25,2025-09-03
yumurta,şok,27.07,2025-09-03
yumurta,Bim,41.57,2025-09-03
yumurta,sultan,77.79,2025-09-03
yumurta,File,46.27,2025-09-03
un,A101,8.62,2025-09-03
un,şok,99.07,2025-09-03
un,Bim,86.61,2025-09-03
un,sultan,9.8,2025-09-03
un,File,26.91,2025-09-03
pirinç,A101,37.37,2025-09-03
pirinç,şok,17.72,2025-09-03
pirinç,Bim,38.62,2025-09-03
pirinç,sultan,8.18,2025-09-03
pirinç,File,5.22,2025-09-03
zeytinyağı,A101,71.46,2025-09-03
zeytinyağı,şok,54.95,2025-09-03
zeytinyağı,Bim,15.74,2025-09-03
zeytinyağı,sultan,32.22,2025-09-03
zeytinyağı,File,69.49,2025-09-03
şeker,A101,57.94,2025-09-03
şeker,şok,86.42,2025-09-03
şeker,Bim,69.35,2025-09-03
şeker,sultan,99.44,2025-09-03
şeker,File,50.35,2025-09-03
domates,A101,13.58,2025-09-02
domates,şok,89.02,2025-09-02
domates,Bim,96.14,2025-09-02
domates,sultan,83.62,2025-09-02
domates,File,36.91,2025-09-02
patates,A101,96.95,2025-09-02
patates,şok,67.06,2025-09-02
patates,Bim,87.67,2025-09-02
patates,sultan,89.52,2025-09-02
patates,File,89.19,2025-09-02
soğan,A101,40.98,2025-09-02
soğan,şok,27.28,2025-09-02
soğan,Bim,52.58,2025-09-02
soğan,sultan,45.29,2025-09-02
soğan,File,35.94,2025-09-02
biber,A101,43.16,2025-09-02
biber,şok,79.13,2025-09-02
biber,Bim,52.53,2025-09-02
biber,sultan,52.59,2025-09-02
biber,File,60.52,2025-09-02
salatalık,A101,64.61,2025-09-02
salatalık,şok,54.01,2025-09-02
salatalık,Bim,76.59,2025-09-02
salatalık,sultan,82.18,2025-09-02
salatalık,File,60.25,2025-09-02
elma,A101,88.2,2025-09-02
elma,şok,27.4,2025-09-02
elma,Bim,23.39,2025-09-02
elma,sultan,47.49,2025-09-02
elma,File,97.9,2025-09-02
muz,A101,7.69,2025-09-02
muz,şok,95.04,2025-09-02
muz,Bim,16.21,2025-09-02
muz,sultan,97.28,2025-09-02
muz,File,99.89,2025-09-02
portakal,A101,96.48,2025-09-02
portakal,şok,60.16,2025-09-02
portakal,Bim,74.72,2025-09-02
portakal,sultan,47.75,2025-09-02
portakal,File,22.0,2025-09-02
süt,A101,44.72,2025-09-02
süt,şok,22.29,2025-09-02
süt,Bim,23.7,2025-09-02
süt,sultan,28.34,2025-09-02
süt,File,34.9,2025-09-02
peynir,A101,83.22,2025-09-02
peynir,şok,18.8,2025-09-02
peynir,Bim,37.18,2025-09-02
peynir,sultan,17.24,2025-09-02
peynir,File,25.06,2025-09-02
yumurta,A101,86.42,2025-09-02
yumurta,şok,28.76,2025-09-02
yumurta,Bim,96.37,2025-09-02
yumurta,sultan,54.14,2025-09-02
yumurta,File,21.07,2025-09-02
un,A101,91.92,2025-09-02
un,şok,97.84,2025-09-02
un,Bim,60.43,2025-09-02
un,sultan,95.14,2025-09-02
un,File,41.04,2025-09-02
pirinç,A101,21.43,2025-09-02
pirinç,şok,31.99,2025-09-02
pirinç,Bim,48.95,2025-09-02
pirinç,sultan,58.2,2025-09-02
pirinç,File,11.79,2025-09-02
zeytinyağı,A101,73.1,2025-09-02
zeytinyağı,şok,36.65,2025-09-02
zeytinyağı,Bim,22.58,2025-09-02
zeytinyağı,sultan,45.19,2025-09-02
zeytinyağı,File,50.47,2025-09-02
şeker,A101,84.32,2025-09-02
şeker,şok,71.96,2025-09-02
şeker,Bim,47.69,2025-09-02
şeker,sultan,39.36,2025-09-02
şeker,File,12.83,2025-09-02
domates,A101,55.22,2025-09-01
domates,şok,87.97,2025-09-01
domates,Bim,31.04,2025-09-01
domates,sultan,15.58,2025-09-01
domates,File,43.09,2025-09-01
patates,A101,9.1,2025-09-01
patates,şok,80.21,2025-09-01
patates,Bim,46.49,2025-09-01
patates,sultan,68.39,2025-09-01
patates,File,88.92,2025-09-01
soğan,A101,47.17,2025-09-01
soğan,şok,36.45,2025-09-01
soğan,Bim,62.27,2025-09-01
soğan,sultan,16.33,2025-09-01
soğan,File,17.17,2025-09-01
biber,A101,76.63,2025-09-01
biber,şok,6.31,2025-09-01
biber,Bim,48.74,2025-09-01
biber,sultan,99.09,2025-09-01
biber,File,72.56,2025-09-01
salatalık,A101,57.45,2025-09-01
salatalık,şok,43.15,2025-09-01
salatalık,Bim,36.63,2025-09-01
salatalık,sultan,5.63,2025-09-01
salatalık,File,72.89,2025-09-01
elma,A101,18.63,2025-09-01
elma,şok,35.9,2025-09-01
elma,Bim,58.72,2025-09-01
elma,sultan,84.22,2025-09-01
elma,File,24.46,2025-09-01
muz,A101,62.7,2025-09-01
muz,şok,7.6,2025-09-01
muz,Bim,33.77,2025-09-01
muz,sultan,6.06,2025-09-01
muz,File,15.25,2025-09-01
portakal,A101,76.45,2025-09-01
portakal,şok,37.66,2025-09-01
portakal,Bim,73.52,2025-09-01
portakal,sultan,54.42,2025-09-01
portakal,File,78.16,2025-09-01
süt,A101,56.38,2025-09-01
süt,şok,93.95,2025-09-01
süt,Bim,86.15,2025-09-01
süt,sultan,94.03,2025-09-01
süt,File,93.73,2025-09-01
peynir,A101,65.06,2025-09-01
peynir,şok,94.77,2025-09-01
peynir,Bim,44.63,2025-09-01
peynir,sultan,10.08,2025-09-01
peynir,File,60.03,2025-09-01
yumurta,A101,60.69,2025-09-01
yumurta,şok,78.59,2025-09-01
yumurta,Bim,17.26,2025-09-01
yumurta,sultan,43.13,2025-09-01
yumurta,File,47.65,2025-09-01
un,A101,17.7,2025-09-01
un,şok,49.45,2025-09-01
un,Bim,56.24,2025-09-01
un,sultan,33.25,2025-09-01
un,File,9.5,2025-09-01
pirinç,A101,37.91,2025-09-01
pirinç,şok,71.98,2025-09-01
pirinç,Bim,63.01,2025-09-01
pirinç,sultan,42.97,2025-09-01
pirinç,File,9.13,2025-09-01
zeytinyağı,A101,8.28,2025-09-01
zeytinyağı,şok,50.41,2025-09-01
zeytinyağı,Bim,61.07,2025-09-01
zeytinyağı,sultan,13.77,2025-09-01
zeytinyağı,File,25.21,2025-09-01
şeker,A101,18.03,2025-09-01
şeker,şok,31.41,2025-09-01
şeker,Bim,78.94,2025-09-01
şeker,sultan,68.65,2025-09-01
şeker,File,58.38,2025-09-01
domates,A101,33.3,2025-08-31
domates,şok,71.27,2025-08-31
domates,Bim,32.35,2025-08-31
domates,sultan,67.85,2025-08-31
domates,File,20.03,2025-08-31
patates,A101,89.82,2025-08-31
patates,şok,61.88,2025-08-31
patates,Bim,49.55,2025-08-31
patates,sultan,18.35,2025-08-31
patates,File,27.79,2025-08-31
soğan,A101,81.03,2025-08-31
soğan,şok,36.23,2025-08-31
soğan,Bim,60.44,2025-08-31
soğan,sultan,55.42,2025-08-31
soğan,File,78.15,2025-08-31
biber,A101,46.4,2025-08-31
biber,şok,98.65,2025-08-31
biber,Bim,60.77,2025-08-31
biber,sultan,8.64,2025-08-31
biber,File,41.37,2025-08-31
salatalık,A101,97.65,2025-08-31
salatalık,şok,33.83,2025-08-31
salatalık,Bim,50.18,2025-08-31
salatalık,sultan,89.54,2025-08-31
salatalık,File,31.1,2025-08-31
elma,A101,39.66,2025-08-31
elma,şok,41.21,2025-08-31
elma,Bim,96.48,2025-08-31
elma,sultan,46.62,2025-08-31
elma,File,58.73,2025-08-31
muz,A101,7.17,2025-08-31
muz,şok,42.66,2025-08-31
muz,Bim,75.08,2025-08-31
muz,sultan,95.44,2025-08-31
muz,File,91.24,2025-08-31
portakal,A101,68.44,2025-08-31
portakal,şok,77.09,2025-08-31
portakal,Bim,43.13,2025-08-31
portakal,sultan,61.23,2025-08-31
portakal,File,54.26,2025-08-31
süt,A101,28.17,2025-08-31
süt,şok,89.0,2025-08-31
süt,Bim,85.35,2025-08-31
süt,sultan,32.05,2025-08-31
süt,File,59.97,2025-08-31
peynir,A101,28.12,2025-08-31
peynir,şok,62.67,2025-08-31
peynir,Bim,90.67,2025-08-31
peynir,sultan,89.78,2025-08-31
peynir,File,17.27,2025-08-31
yumurta,A101,74.22,2025-08-31
yumurta,şok,54.28,2025-08-31
yumurta,Bim,31.82,2025-08-31
yumurta,sultan,65.78,2025-08-31
yumurta,File,68.91,2025-08-31
un,A101,71.94,2025-08-31
un,şok,91.95,2025-08-31
un,Bim,42.33,2025-08-31
un,sultan,18.48,2025-08-31
un,File,81.18,2025-08-31
pirinç,A101,24.37,2025-08-31
pirinç,şok,93.25,2025-08-31
pirinç,Bim,28.92,2025-08-31
pirinç,sultan,58.54,2025-08-31
pirinç,File,57.91,2025-08-31
zeytinyağı,A101,43.96,2025-08-31
zeytinyağı,şok,57.15,2025-08-31
zeytinyağı,Bim,55.87,2025-08-31
zeytinyağı,sultan,59.57,2025-08-31
zeytinyağı,File,81.06,2025-08-31
şeker,A101,15.53,2025-08-31
şeker,şok,17.62,2025-08-31
şeker,Bim,64.11,2025-08-31
şeker,sultan,67.92,2025-08-31
şeker,File,31.4,2025-08-31
domates,A101,40.38,2025-08-30
domates,şok,24.91,2025-08-30
domates,Bim,92.37,2025-08-30
domates,sultan,49.9,2025-08-30
domates,File,69.03,2025-08-30
patates,A101,28.4,2025-08-30
patates,şok,89.42,2025-08-30
patates,Bim,8.59,2025-08-30
patates,sultan,24.25,2025-08-30
patates,File,27.75,2025-08-30
soğan,A101,67.0,2025-08-30
soğan,şok,95.94,2025-08-30
soğan,Bim,84.22,2025-08-30
soğan,sultan,75.97,2025-08-30
soğan,File,46.99,2025-08-30
biber,A101,58.4,2025-08-30
biber,şok,42.59,2025-08-30
biber,Bim,83.77,2025-08-30
biber,sultan,84.12,2025-08-30
biber,File,86.89,2025-08-30
salatalık,A101,92.72,2025-08-30
salatalık,şok,35.81,2025-08-30
salatalık,Bim,37.76,2025-08-30
salatalık,sultan,55.82,2025-08-30
salatalık,File,24.25,2025-08-30
elma,A101,79.42,2025-08-30
elma,şok,14.31,2025-08-30
elma,Bim,42.68,2025-08-30
elma,sultan,13.8,2025-08-30
elma,File,42.23,2025-08-30
muz,A101,9.26,2025-08-30
muz,şok,36.37,2025-08-30
muz,Bim,18.99,2025-08-30
muz,sultan,5.58,2025-08-30
muz,File,57.89,2025-08-30
portakal,A101,62.06,2025-08-30
portakal,şok,46.21,2025-08-30
portakal,Bim,10.9,2025-08-30
portakal,sultan,17.98,2025-08-30
portakal,File,27.24,2025-08-30
süt,A101,83.62,2025-08-30
süt,şok,7.81,2025-08-30
süt,Bim,43.84,2025-08-30
süt,sultan,49.0,2025-08-30
süt,File,39.48,2025-08-30
peynir,A101,99.38,2025-08-30
peynir,şok,97.32,2025-08-30
peynir,Bim,9.49,2025-08-30
peynir,sultan,11.17,2025-08-30
peynir,File,35.26,2025-08-30
yumurta,A101,21.6,2025-08-30
yumurta,şok,15.91,2025-08-30
yumurta,Bim,29.52,2025-08-30
yumurta,sultan,68.65,2025-08-30
yumurta,File,43.84,2025-08-30
un,A101,19.48,2025-08-30
un,şok,16.85,2025-08-30
un,Bim,37.36,2025-08-30
un,sultan,72.26,2025-08-30
un,File,66.16,2025-08-30
pirinç,A101,55.08,2025-08-30
pirinç,şok,11.49,2025-08-30
pirinç,Bim,41.99,2025-08-30
pirinç,sultan,50.79,2025-08-30
pirinç,File,95.49,2025-08-30
zeytinyağı,A101,50.98,2025-08-30
zeytinyağı,şok,39.97,2025-08-30
zeytinyağı,Bim,39.06,2025-08-30
zeytinyağı,sultan,17.68,2025-08-30
zeytinyağı,File,87.83,2025-08-30
şeker,A101,96.75,2025-08-30
şeker,şok,38.6,2025-08-30
şeker,Bim,79.91,2025-08-30
şeker,sultan,72.52,2025-08-30
şeker,File,22.99,2025-08-30
domates,A101,78.01,2025-08-29
domates,şok,24.47,2025-08-29
domates,Bim,85.89,2025-08-29
domates,sultan,38.72,2025-08-29
domates,File,91.09,2025-08-29
patates,A101,98.19,2025-08-29
patates,şok,79.29,2025-08-29
patates,Bim,29.85,2025-08-29
patates,sultan,41.96,2025-08-29
patates,File,34.66,2025-08-29
soğan,A101,90.3,2025-08-29
soğan,şok,26.26,2025-08-29
soğan,Bim,18.78,2025-08-29
soğan,sultan,21.57,2025-08-29
soğan,File,76.08,2025-08-29
biber,A101,73.16,2025-08-29
biber,şok,88.63,2025-08-29
biber,Bim,10.81,2025-08-29
biber,sultan,97.97,2025-08-29
biber,File,66.7,2025-08-29
salatalık,A101,42.98,2025-08-29
salatalık,şok,13.81,2025-08-29
salatalık,Bim,95.49,2025-08-29
salatalık,sultan,92.06,2025-08-29
salatalık,File,92.96,2025-08-29
elma,A101,95.95,2025-08-29
elma,şok,61.28,2025-08-29
elma,Bim,33.32,2025-08-29
elma,sultan,71.51,2025-08-29
elma,File,87.02,2025-08-29
muz,A101,61.96,2025-08-29
muz,şok,31.62,2025-08-29
muz,Bim,39.57,2025-08-29
muz,sultan,22.32,2025-08-29
muz,File,5.62,2025-08-29
portakal,A101,98.41,2025-08-29
portakal,şok,36.67,2025-08-29
portakal,Bim,91.95,2025-08-29
portakal,sultan,39.94,2025-08-29
portakal,File,54.91,2025-08-29
süt,A101,40.05,2025-08-29
süt,şok,14.33,2025-08-29
süt,Bim,8.72,2025-08-29
süt,sultan,62.31,2025-08-29
süt,File,46.67,2025-08-29
peynir,A101,72.72,2025-08-29
peynir,şok,67.01,2025-08-29
peynir,Bim,64.56,2025-08-29
peynir,sultan,95.43,2025-08-29
peynir,File,6.05,2025-08-29
yumurta,A101,62.56,2025-08-29
yumurta,şok,21.04,2025-08-29
yumurta,Bim,62.23,2025-08-29
yumurta,sultan,91.7,2025-08-29
yumurta,File,47.85,2025-08-29
un,A101,16.61,2025-08-29
un,şok,80.27,2025-08-29
un,Bim,43.76,2025-08-29
un,sultan,93.51,2025-08-29
un,File,59.92,2025-08-29
pirinç,A101,53.87,2025-08-29
pirinç,şok,32.75,2025-08-29
pirinç,Bim,31.45,2025-08-29
pirinç,sultan,37.05,2025-08-29
pirinç,File,32.98,2025-08-29
zeytinyağı,A101,98.1,2025-08-29
zeytinyağı,şok,93.26,2025-08-29
zeytinyağı,Bim,93.93,2025-08-29
zeytinyağı,sultan,68.83,2025-08-29
zeytinyağı,File,56.1,2025-08-29
şeker,A101,95.69,2025-08-29
şeker,şok,26.7,2025-08-29
şeker,Bim,88.95,2025-08-29
şeker,sultan,94.68,2025-08-29
şeker,File,55.16,2025-08-29
domates,A101,83.09,2025-08-28
domates,şok,76.45,2025-08-28
domates,Bim,42.45,2025-08-28
domates,sultan,76.63,2025-08-28
domates,File,47.96,2025-08-28
patates,A101,49.34,2025-08-28
patates,şok,51.44,2025-08-28
patates,Bim,52.42,2025-08-28
patates,sultan,82.93,2025-08-28
patates,File,56.47,2025-08-28
soğan,A101,46.28,2025-08-28
soğan,şok,63.3,2025-08-28
soğan,Bim,59.27,2025-08-28
soğan,sultan,98.1,2025-08-28
soğan,File,72.07,2025-08-28
biber,A101,39.41,2025-08-28
biber,şok,39.32,2025-08-28
biber,Bim,16.25,2025-08-28
biber,sultan,32.49,2025-08-28
biber,File,70.4,2025-08-28
salatalık,A101,52.1,2025-08-28
salatalık,şok,52.56,2025-08-28
salatalık,Bim,32.73,2025-08-28
salatalık,sultan,37.82,2025-08-28
salatalık,File,20.39,2025-08-28
elma,A101,62.12,2025-08-28
elma,şok,48.56,2025-08-28
elma,Bim,42.47,2025-08-28
elma,sultan,17.24,2025-08-28
elma,File,35.72,2025-08-28
muz,A101,43.34,2025-08-28
muz,şok,51.13,2025-08-28
muz,Bim,22.06,2025-08-28
muz,sultan,57.19,2025-08-28
muz,File,58.86,2025-08-28
portakal,A101,35.18,2025-08-28
portakal,şok,75.96,2025-08-28
portakal,Bim,21.99,2025-08-28
portakal,sultan,83.47,2025-08-28
portakal,File,34.37,2025-08-28
süt,A101,72.25,2025-08-28
süt,şok,8.72,2025-08-28
süt,Bim,18.18,2025-08-28
süt,sultan,66.82,2025-08-28
süt,File,56.05,2025-08-28
peynir,A101,44.58,2025-08-28
peynir,şok,47.94,2025-08-28
peynir,Bim,94.93,2025-08-28
peynir,sultan,50.56,2025-08-28
peynir,File,37.86,2025-08-28
yumurta,A101,57.64,2025-08-28
yumurta,şok,83.15,2025-08-28
yumurta,Bim,31.14,2025-08-28
yumurta,sultan,56.05,2025-08-28
yumurta,File,19.15,2025-08-28
un,A101,77.98,2025-08-28
un,şok,20.72,2025-08-28
un,Bim,57.96,2025-08-28
un,sultan,52.41,2025-08-28
un,File,67.07,2025-08-28
pirinç,A101,15.44,2025-08-28
pirinç,şok,69.28,2025-08-28
pirinç,Bim,44.14,2025-08-28
pirinç,sultan,32.29,2025-08-28
pirinç,File,82.19,2025-08-28
zeytinyağı,A101,69.45,2025-08-28
zeytinyağı,şok,83.66,2025-08-28
zeytinyağı,Bim,38.84,2025-08-28
zeytinyağı,sultan,10.49,2025-08-28
zeytinyağı,File,39.69,2025-08-28
şeker,A101,48.78,2025-08-28
şeker,şok,11.13,2025-08-28
şeker,Bim,11.6,2025-08-28
şeker,sultan,5.74,2025-08-28
şeker,File,29.95,2025-08-28
domates,A101,48.75,2025-08-27
domates,şok,22.54,2025-08-27
domates,Bim,33.31,2025-08-27
domates,sultan,31.22,2025-08-27
domates,File,7.98,2025-08-27
patates,A101,6.07,2025-08-27
patates,şok,6.46,2025-08-27
patates,Bim,44.67,2025-08-27
patates,sultan,67.35,2025-08-27
patates,File,10.67,2025-08-27
soğan,A101,34.05,2025-08-27
soğan,şok,97.66,2025-08-27
soğan,Bim,25.63,2025-08-27
soğan,sultan,38.9,2025-08-27
soğan,File,71.63,2025-08-27
biber,A101,22.49,2025-08-27
biber,şok,63.97,2025-08-27
biber,Bim,69.74,2025-08-27
biber,sultan,16.02,2025-08-27
biber,File,85.96,2025-08-27
salatalık,A101,20.09,2025-08-27
salatalık,şok,30.91,2025-08-27
salatalık,Bim,71.92,2025-08-27
salatalık,sultan,75.95,2025-08-27
salatalık,File,46.46,2025-08-27
elma,A101,34.27,2025-08-27
elma,şok,69.71,2025-08-27
elma,Bim,5.54,2025-08-27
elma,sultan,55.37,2025-08-27
elma,File,93.28,2025-08-27
muz,A101,79.36,2025-08-27
muz,şok,83.98,2025-08-27
muz,Bim,50.49,2025-08-27
muz,sultan,89.8,2025-08-27
muz,File,78.11,2025-08-27
portakal,A101,59.91,2025-08-27
portakal,şok,75.12,2025-08-27
portakal,Bim,65.28,2025-08-27
portakal,sultan,9.71,2025-08-27
portakal,File,29.49,2025-08-27
süt,A101,34.52,2025-08-27
süt,şok,74.23,2025-08-27
süt,Bim,79.09,2025-08-27
süt,sultan,66.94,2025-08-27
süt,File,94.05,2025-08-27
peynir,A101,78.79,2025-08-27
peynir,şok,62.2,2025-08-27
peynir,Bim,23.24,2025-08-27
peynir,sultan,37.24,2025-08-27
peynir,File,10.45,2025-08-27
yumurta,A101,83.16,2025-08-27
yumurta,şok,82.97,2025-08-27
yumurta,Bim,29.66,2025-08-27
yumurta,sultan,25.24,2025-08-27
yumurta,File,13.84,2025-08-27
un,A101,78.37,2025-08-27
un,şok,6.92,2025-08-27
un,Bim,5.33,2025-08-27
un,sultan,99.17,2025-08-27
un,File,9.73,2025-08-27
pirinç,A101,81.75,2025-08-27
pirinç,şok,13.85,2025-08-27
pirinç,Bim,33.56,2025-08-27
pirinç,sultan,68.81,2025-08-27
pirinç,File,77.92,2025-08-27
zeytinyağı,A101,44.86,2025-08-27
zeytinyağı,şok,98.73,2025-08-27
zeytinyağı,Bim,46.11,2025-08-27
zeytinyağı,sultan,73.06,2025-08-27
zeytinyağı,File,79.22,2025-08-27
şeker,A101,39.49,2025-08-27
şeker,şok,58.0,2025-08-27
şeker,Bim,48.83,2025-08-27
şeker,sultan,13.71,2025-08-27
şeker,File,68.97,2025-08-27
domates,A101,53.95,2025-08-26
domates,şok,72.68,2025-08-26
domates,Bim,69.14,2025-08-26
domates,sultan,86.79,2025-08-26
domates,File,93.08,2025-08-26
patates,A101,87.01,2025-08-26
patates,şok,25.21,2025-08-26
patates,Bim,21.72,2025-08-26
patates,sultan,14.76,2025-08-26
patates,File,81.81,2025-08-26
soğan,A101,16.06,2025-08-26
soğan,şok,56.91,2025-08-26
soğan,Bim,72.91,2025-08-26
soğan,sultan,45.66,2025-08-26
soğan,File,26.01,2025-08-26
biber,A101,98.35,2025-08-26
biber,şok,43.65,2025-08-26
biber,Bim,17.08,2025-08-26
biber,sultan,21.47,2025-08-26
biber,File,48.02,2025-08-26
salatalık,A101,90.29,2025-08-26
salatalık,şok,19.61,2025-08-26
salatalık,Bim,38.67,2025-08-26
salatalık,sultan,78.57,2025-08-26
salatalık,File,8.19,2025-08-26
elma,A101,15.97,2025-08-26
elma,şok,52.26,2025-08-26
elma,Bim,71.34,2025-08-26
elma,sultan,7.53,2025-08-26
elma,File,28.73,2025-08-26
muz,A101,93.17,2025-08-26
muz,şok,62.13,2025-08-26
muz,Bim,77.2,2025-08-26
muz,sultan,27.96,2025-08-26
muz,File,76.37,2025-08-26
portakal,A101,66.67,2025-08-26
portakal,şok,72.07,2025-08-26
portakal,Bim,55.42,2025-08-26
portakal,sultan,35.82,2025-08-26
portakal,File,97.18,2025-08-26
süt,A101,57.5,2025-08-26
süt,şok,42.98,2025-08-26
süt,Bim,77.23,2025-08-26
süt,sultan,62.79,2025-08-26
süt,File,48.5,2025-08-26
peynir,A101,68.38,2025-08-26
peynir,şok,52.7,2025-08-26
peynir,Bim,83.04,2025-08-26
peynir,sultan,51.02,2025-08-26
peynir,File,68.6,2025-08-26
yumurta,A101,84.78,2025-08-26
yumurta,şok,52.08,2025-08-26
yumurta,Bim,35.42,2025-08-26
yumurta,sultan,81.69,2025-08-26
yumurta,File,93.81,2025-08-26
un,A101,63.55,2025-08-26
un,şok,51.64,2025-08-26
un,Bim,27.36,2025-08-26
un,sultan,39.31,2025-08-26
un,File,15.49,2025-08-26
pirinç,A101,97.44,2025-08-26
pirinç,şok,90.82,2025-08-26
pirinç,Bim,66.27,2025-08-26
pirinç,sultan,12.4,2025-08-26
pirinç,File,41.66,2025-08-26
zeytinyağı,A101,12.97,2025-08-26
zeytinyağı,şok,84.77,2025-08-26
zeytinyağı,Bim,63.26,2025-08-26
zeytinyağı,sultan,84.53,2025-08-26
zeytinyağı,File,77.83,2025-08-26
şeker,A101,33.61,2025-08-26
şeker,şok,53.63,2025-08-26
şeker,Bim,84.1,2025-08-26
şeker,sultan,11.85,2025-08-26
şeker,File,11.59,2025-08-26
domates,A101,41.08,2025-08-25
domates,şok,15.56,2025-08-25
domates,Bim,95.39,2025-08-25
domates,sultan,71.98,2025-08-25
domates,File,78.71,2025-08-25
patates,A101,62.42,2025-08-25
patates,şok,81.8,2025-08-25
patates,Bim,70.21,2025-08-25
patates,sultan,76.37,2025-08-25
patates,File,41.52,2025-08-25
soğan,A101,91.39,2025-08-25
soğan,şok,74.75,2025-08-25
soğan,Bim,48.64,2025-08-25
soğan,sultan,11.16,2025-08-25
soğan,File,29.66,2025-08-25
biber,A101,72.43,2025-08-25
biber,şok,73.21,2025-08-25
biber,Bim,87.26,2025-08-25
biber,sultan,14.22,2025-08-25
biber,File,64.28,2025-08-25
salatalık,A101,24.0,2025-08-25
salatalık,şok,39.22,2025-08-25
salatalık,Bim,86.21,2025-08-25
salatalık,sultan,51.93,2025-08-25
salatalık,File,21.9,2025-08-25
elma,A101,33.1,2025-08-25
elma,şok,38.07,2025-08-25
elma,Bim,88.49,2025-08-25
elma,sultan,59.21,2025-08-25
elma,File,33.79,2025-08-25
muz,A101,93.75,2025-08-25
muz,şok,98.77,2025-08-25
muz,Bim,70.72,2025-08-25
muz,sultan,20.9,2025-08-25
muz,File,40.09,2025-08-25
portakal,A101,65.61,2025-08-25
portakal,şok,93.43,2025-08-25
portakal,Bim,84.13,2025-08-25
portakal,sultan,68.27,2025-08-25
portakal,File,99.45,2025-08-25
süt,A101,46.43,2025-08-25
süt,şok,85.81,2025-08-25
süt,Bim,42.71,2025-08-25
süt,sultan,10.69,2025-08-25
süt,File,73.26,2025-08-25
peynir,A101,7.18,2025-08-25
peynir,şok,73.73,2025-08-25
peynir,Bim,65.98,2025-08-25
peynir,sultan,68.96,2025-08-25
peynir,File,47.18,2025-08-25
yumurta,A101,22.67,2025-08-25
yumurta,şok,61.05,2025-08-25
yumurta,Bim,81.56,2025-08-25
yumurta,sultan,6.25,2025-08-25
yumurta,File,5.05,2025-08-25
un,A101,84.8,2025-08-25
un,şok,60.16,2025-08-25
un,Bim,37.18,2025-08-25
un,sultan,62.44,2025-08-25
un,File,91.37,2025-08-25
pirinç,A101,37.58,2025-08-25
pirinç,şok,96.79,2025-08-25
pirinç,Bim,37.48,2025-08-25
pirinç,sultan,92.68,2025-08-25
pirinç,File,86.46,2025-08-25
zeytinyağı,A101,5.1,2025-08-25
zeytinyağı,şok,38.6,2025-08-25
zeytinyağı,Bim,81.63,2025-08-25
zeytinyağı,sultan,51.07,2025-08-25
zeytinyağı,File,94.52,2025-08-25
şeker,A101,85.72,2025-08-25
şeker,şok,54.71,2025-08-25
şeker,Bim,82.2,2025-08-25
şeker,sultan,44.61,2025-08-25
şeker,File,97.26,2025-08-25
domates,A101,79.34,2025-08-24
domates,şok,17.98,2025-08-24
domates,Bim,14.61,2025-08-24
domates,sultan,79.36,2025-08-24
domates,File,61.63,2025-08-24
patates,A101,91.97,2025-08-24
patates,şok,24.97,2025-08-24
patates,Bim,7.07,2025-08-24
patates,sultan,5.94,2025-08-24
patates,File,39.61,2025-08-24
soğan,A101,43.36,2025-08-24
soğan,şok,93.38,2025-08-24
soğan,Bim,50.61,2025-08-24
soğan,sultan,50.15,2025-08-24
soğan,File,95.06,2025-08-24
biber,A101,53.38,2025-08-24
biber,şok,59.73,2025-08-24
biber,Bim,57.23,2025-08-24
biber,sultan,27.31,2025-08-24
biber,File,54.53,2025-08-24
salatalık,A101,14.0,2025-08-24
salatalık,şok,20.78,2025-08-24
salatalık,Bim,30.5,2025-08-24
salatalık,sultan,26.98,2025-08-24
salatalık,File,6.1,2025-08-24
elma,A101,91.13,2025-08-24
elma,şok,86.4,2025-08-24
elma,Bim,40.58,2025-08-24
elma,sultan,82.41,2025-08-24
elma,File,69.95,2025-08-24
muz,A101,25.14,2025-08-24
muz,şok,12.8,2025-08-24
muz,Bim,65.06,2025-08-24
muz,sultan,79.35,2025-08-24
muz,File,37.16,2025-08-24
portakal,A101,7.23,2025-08-24
portakal,şok,43.42,2025-08-24
portakal,Bim,21.32,2025-08-24
portakal,sultan,45.8,2025-08-24
portakal,File,82.82,2025-08-24
süt,A101,70.82,2025-08-24
süt,şok,98.66,2025-08-24
süt,Bim,97.72,2025-08-24
süt,sultan,8.22,2025-08-24
süt,File,51.3,2025-08-24
peynir,A101,37.39,2025-08-24
peynir,şok,7.19,2025-08-24
peynir,Bim,95.29,2025-08-24
peynir,sultan,10.41,2025-08-24
peynir,File,34.02,2025-08-24
yumurta,A101,17.92,2025-08-24
yumurta,şok,22.37,2025-08-24
yumurta,Bim,42.48,2025-08-24
yumurta,sultan,12.96,2025-08-24
yumurta,File,15.69,2025-08-24
un,A101,57.78,2025-08-24
un,şok,70.18,2025-08-24
un,Bim,66.69,2025-08-24
un,sultan,60.25,2025-08-24
un,File,50.59,2025-08-24
pirinç,A101,91.06,2025-08-24
pirinç,şok,79.1,2025-08-24
pirinç,Bim,13.73,2025-08-24
pirinç,sultan,29.07,2025-08-24
pirinç,File,27.79,2025-08-24
zeytinyağı,A101,97.63,2025-08-24
zeytinyağı,şok,40.45,2025-08-24
zeytinyağı,Bim,6.96,2025-08-24
zeytinyağı,sultan,21.25,2025-08-24
zeytinyağı,File,71.48,2025-08-24
şeker,A101,67.67,2025-08-24
şeker,şok,10.48,2025-08-24
şeker,Bim,41.75,2025-08-24
şeker,sultan,21.81,2025-08-24
şeker,File,21.35,2025-08-24
domates,A101,74.8,2025-08-23
domates,şok,75.12,2025-08-23
domates,Bim,31.96,2025-08-23
domates,sultan,92.72,2025-08-23
domates,File,66.45,2025-08-23
patates,A101,39.99,2025-08-23
patates,şok,45.01,2025-08-23
patates,Bim,27.09,2025-08-23
patates,sultan,24.09,2025-08-23
patates,File,52.65,2025-08-23
soğan,A101,52.68,2025-08-23
soğan,şok,80.3,2025-08-23
soğan,Bim,59.84,2025-08-23
soğan,sultan,32.88,2025-08-23
soğan,File,55.31,2025-08-23
biber,A101,59.6,2025-08-23
biber,şok,40.0,2025-08-23
biber,Bim,29.47,2025-08-23
biber,sultan,14.17,2025-08-23
biber,File,26.28,2025-08-23
salatalık,A101,81.27,2025-08-23
salatalık,şok,88.58,2025-08-23
salatalık,Bim,68.09,2025-08-23
salatalık,sultan,23.51,2025-08-23
salatalık,File,48.14,2025-08-23
elma,A101,66.03,2025-08-23
elma,şok,64.63,2025-08-23
elma,Bim,93.96,2025-08-23
elma,sultan,80.21,2025-08-23
elma,File,94.97,2025-08-23
muz,A101,43.16,2025-08-23
muz,şok,99.19,2025-08-23
muz,Bim,6.24,2025-08-23
muz,sultan,32.88,2025-08-23
muz,File,72.21,2025-08-23
portakal,A101,75.46,2025-08-23
portakal,şok,10.44,2025-08-23
portakal,Bim,39.55,2025-08-23
portakal,sultan,29.65,2025-08-23
portakal,File,27.81,2025-08-23
süt,A101,55.06,2025-08-23
süt,şok,47.61,2025-08-23
süt,Bim,57.16,2025-08-23
süt,sultan,30.34,2025-08-23
süt,File,52.83,2025-08-23
peynir,A101,22.65,2025-08-23
peynir,şok,63.76,2025-08-23
peynir,Bim,13.25,2025-08-23
peynir,sultan,86.3,2025-08-23
peynir,File,62.54,2025-08-23
yumurta,A101,55.14,2025-08-23
yumurta,şok,71.62,2025-08-23
yumurta,Bim,48.21,2025-08-23
yumurta,sultan,43.53,2025-08-23
yumurta,File,15.57,2025-08-23
un,A101,84.75,2025-08-23
un,şok,5.97,2025-08-23
un,Bim,70.36,2025-08-23
un,sultan,12.71,2025-08-23
un,File,9.51,2025-08-23
pirinç,A101,63.89,2025-08-23
pirinç,şok,24.37,2025-08-23
pirinç,Bim,87.37,2025-08-23
pirinç,sultan,61.1,2025-08-23
pirinç,File,62.79,2025-08-23
zeytinyağı,A101,56.26,2025-08-23
zeytinyağı,şok,49.88,2025-08-23
zeytinyağı,Bim,16.24,2025-08-23
zeytinyağı,sultan,57.13,2025-08-23
zeytinyağı,File,26.38,2025-08-23
şeker,A101,19.8,2025-08-23
şeker,şok,24.81,2025-08-23
şeker,Bim,32.02,2025-08-23
şeker,sultan,35.55,2025-08-23
şeker,File,98.59,2025-08-23
domates,A101,23.54,2025-08-22
domates,şok,90.91,2025-08-22
domates,Bim,66.94,2025-08-22
domates,sultan,16.42,2025-08-22
domates,File,86.31,2025-08-22
patates,A101,90.06,2025-08-22
patates,şok,69.01,2025-08-22
patates,Bim,58.67,2025-08-22
patates,sultan,61.2,2025-08-22
patates,File,88.04,2025-08-22
soğan,A101,80.99,2025-08-22
soğan,şok,84.9,2025-08-22
soğan,Bim,84.53,2025-08-22
soğan,sultan,85.68,2025-08-22
soğan,File,58.61,2025-08-22
biber,A101,86.32,2025-08-22
biber,şok,52.91,2025-08-22
biber,Bim,41.03,2025-08-22
biber,sultan,84.44,2025-08-22
biber,File,28.17,2025-08-22
salatalık,A101,42.16,2025-08-22
salatalık,şok,44.88,2025-08-22
salatalık,Bim,10.8,2025-08-22
salatalık,sultan,53.85,2025-08-22
salatalık,File,57.57,2025-08-22
elma,A101,21.2,2025-08-22
elma,şok,55.69,2025-08-22
elma,Bim,97.82,2025-08-22
elma,sultan,94.37,2025-08-22
elma,File,35.35,2025-08-22
muz,A101,47.38,2025-08-22
muz,şok,29.53,2025-08-22
muz,Bim,89.85,2025-08-22
muz,sultan,58.74,2025-08-22
muz,File,16.85,2025-08-22
portakal,A101,78.31,2025-08-22
portakal,şok,64.18,2025-08-22
portakal,Bim,60.11,2025-08-22
portakal,sultan,7.4,2025-08-22
portakal,File,67.21,2025-08-22
süt,A101,36.02,2025-08-22
süt,şok,84.45,2025-08-22
süt,Bim,87.26,2025-08-22
süt,sultan,67.25,2025-08-22
süt,File,51.96,2025-08-22
peynir,A101,49.61,2025-08-22
peynir,şok,56.81,2025-08-22
peynir,Bim,44.52,2025-08-22
peynir,sultan,85.56,2025-08-22
peynir,File,62.58,2025-08-22
yumurta,A101,65.81,2025-08-22
yumurta,şok,27.94,2025-08-22
yumurta,Bim,10.86,2025-08-22
yumurta,sultan,65.4,2025-08-22
yumurta,File,55.94,2025-08-22
un,A101,84.24,2025-08-22
un,şok,22.52,2025-08-22
un,Bim,59.11,2025-08-22
un,sultan,57.69,2025-08-22
un,File,9.49,2025-08-22
pirinç,A101,74.12,2025-08-22
pirinç,şok,92.08,2025-08-22
pirinç,Bim,5.27,2025-08-22
pirinç,sultan,65.1,2025-08-22
pirinç,File,44.55,2025-08-22
zeytinyağı,A101,72.79,2025-08-22
zeytinyağı,şok,41.38,2025-08-22
zeytinyağı,Bim,60.31,2025-08-22
zeytinyağı,sultan,74.35,2025-08-22
zeytinyağı,File,81.62,2025-08-22
şeker,A101,82.92,2025-08-22
şeker,şok,76.65,2025-08-22
şeker,Bim,98.8,2025-08-22
şeker,sultan,43.27,2025-08-22
şeker,File,48.71,2025-08-22
domates,A101,80.75,2025-08-21
domates,şok,20.56,2025-08-21
domates,Bim,28.48,2025-08-21
domates,sultan,93.36,2025-08-21
domates,File,62.17,2025-08-21
patates,A101,21.91,2025-08-21
patates,şok,6.38,2025-08-21
patates,Bim,32.42,2025-08-21
patates,sultan,31.65,2025-08-21
patates,File,96.1,2025-08-21
soğan,A101,43.7,2025-08-21
soğan,şok,38.1,2025-08-21
soğan,Bim,18.21,2025-08-21
soğan,sultan,97.39,2025-08-21
soğan,File,23.92,2025-08-21
biber,A101,12.28,2025-08-21
biber,şok,92.14,2025-08-21
biber,Bim,88.95,2025-08-21
biber,sultan,62.92,2025-08-21
biber,File,9.88,2025-08-21
salatalık,A101,17.52,2025-08-21
salatalık,şok,75.03,2025-08-21
salatalık,Bim,79.05,2025-08-21
salatalık,sultan,49.23,2025-08-21
salatalık,File,10.96,2025-08-21
elma,A101,79.58,2025-08-21
elma,şok,56.27,2025-08-21
elma,Bim,23.54,2025-08-21
elma,sultan,74.74,2025-08-21
elma,File,45.18,2025-08-21
muz,A101,81.82,2025-08-21
muz,şok,58.24,2025-08-21
muz,Bim,53.8,2025-08-21
muz,sultan,32.11,2025-08-21
muz,File,26.57,2025-08-21
portakal,A101,16.0,2025-08-21
portakal,şok,33.72,2025-08-21
portakal,Bim,85.09,2025-08-21
portakal,sultan,23.55,2025-08-21
portakal,File,14.53,2025-08-21
süt,A101,96.49,2025-08-21
süt,şok,54.59,2025-08-21
süt,Bim,93.9,2025-08-21
süt,sultan,39.87,2025-08-21
süt,File,83.86,2025-08-21
peynir,A101,47.7,2025-08-21
peynir,şok,78.06,2025-08-21
peynir,Bim,27.83,2025-08-21
peynir,sultan,77.78,2025-08-21
peynir,File,74.07,2025-08-21
yumurta,A101,12.11,2025-08-21
yumurta,şok,71.42,2025-08-21
yumurta,Bim,25.71,2025-08-21
yumurta,sultan,94.57,2025-08-21
yumurta,File,86.84,2025-08-21
un,A101,70.75,2025-08-21
un,şok,13.79,2025-08-21
un,Bim,51.37,2025-08-21
un,sultan,76.06,2025-08-21
un,File,6.09,2025-08-21
pirinç,A101,65.85,2025-08-21
pirinç,şok,47.69,2025-08-21
pirinç,Bim,44.05,2025-08-21
pirinç,sultan,90.23,2025-08-21
pirinç,File,15.9,2025-08-21
zeytinyağı,A101,68.65,2025-08-21
zeytinyağı,şok,30.95,2025-08-21
zeytinyağı,Bim,6.2,2025-08-21
zeytinyağı,sultan,42.04,2025-08-21
zeytinyağı,File,34.23,2025-08-21
şeker,A101,28.45,2025-08-21
şeker,şok,63.01,2025-08-21
şeker,Bim,65.61,2025-08-21
şeker,sultan,75.15,2025-08-21
şeker,File,30.18,2025-08-21
domates,A101,42.61,2025-08-20
domates,şok,22.75,2025-08-20
domates,Bim,23.83,2025-08-20
domates,sultan,41.8,2025-08-20
domates,File,43.35,2025-08-20
patates,A101,50.46,2025-08-20
patates,şok,41.51,2025-08-20
patates,Bim,27.7,2025-08-20
patates,sultan,64.52,2025-08-20
patates,File,93.2,2025-08-20
soğan,A101,13.02,2025-08-20
soğan,şok,41.89,2025-08-20
soğan,Bim,40.35,2025-08-20
soğan,sultan,97.67,2025-08-20
soğan,File,36.67,2025-08-20
biber,A101,8.97,2025-08-20
biber,şok,44.45,2025-08-20
biber,Bim,27.16,2025-08-20
biber,sultan,71.73,2025-08-20
biber,File,42.77,2025-08-20
salatalık,A101,98.82,2025-08-20
salatalık,şok,55.68,2025-08-20
salatalık,Bim,77.9,2025-08-20
salatalık,sultan,58.56,2025-08-20
salatalık,File,14.61,2025-08-20
elma,A101,25.38,2025-08-20
elma,şok,25.62,2025-08-20
elma,Bim,44.71,2025-08-20
elma,sultan,79.25,2025-08-20
elma,File,68.04,2025-08-20
muz,A101,89.3,2025-08-20
muz,şok,65.3,2025-08-20
muz,Bim,97.46,2025-08-20
muz,sultan,84.21,2025-08-20
muz,File,68.93,2025-08-20
portakal,A101,48.8,2025-08-20
portakal,şok,45.01,2025-08-20
portakal,Bim,55.14,2025-08-20
portakal,sultan,20.93,2025-08-20
portakal,File,36.98,2025-08-20
süt,A101,40.97,2025-08-20
süt,şok,22.95,2025-08-20
süt,Bim,8.3,2025-08-20
süt,sultan,51.84,2025-08-20
süt,File,12.14,2025-08-20
peynir,A101,85.08,2025-08-20
peynir,şok,22.2,2025-08-20
peynir,Bim,64.57,2025-08-20
peynir,sultan,23.8,2025-08-20
peynir,File,83.49,2025-08-20
yumurta,A101,65.06,2025-08-20
yumurta,şok,37.15,2025-08-20
yumurta,Bim,80.92,2025-08-20
yumurta,sultan,69.77,2025-08-20
yumurta,File,75.54,2025-08-20
un,A101,40.6,2025-08-20
un,şok,56.1,2025-08-20
un,Bim,82.13,2025-08-20
un,sultan,37.31,2025-08-20
un,File,5.83,2025-08-20
pirinç,A101,96.28,2025-08-20
pirinç,şok,92.91,2025-08-20
pirinç,Bim,36.02,2025-08-20
pirinç,sultan,50.03,2025-08-20
pirinç,File,62.69,2025-08-20
zeytinyağı,A101,35.09,2025-08-20
zeytinyağı,şok,61.55,2025-08-20
zeytinyağı,Bim,87.76,2025-08-20
zeytinyağı,sultan,8.16,2025-08-20
zeytinyağı,File,69.27,2025-08-20
şeker,A101,70.59,2025-08-20
şeker,şok,25.94,2025-08-20
şeker,Bim,50.0,2025-08-20
şeker,sultan,47.06,2025-08-20
şeker,File,61.57,2025-08-20
domates,A101,21.26,2025-08-19
domates,şok,30.62,2025-08-19
domates,Bim,36.87,2025-08-19
domates,sultan,36.73,2025-08-19
domates,File,33.5,2025-08-19
patates,A101,71.84,2025-08-19
patates,şok,55.61,2025-08-19
patates,Bim,58.55,2025-08-19
patates,sultan,41.14,2025-08-19
patates,File,22.65,2025-08-19
soğan,A101,23.05,2025-08-19
soğan,şok,70.09,2025-08-19
soğan,Bim,9.04,2025-08-19
soğan,sultan,22.07,2025-08-19
soğan,File,31.48,2025-08-19
biber,A101,20.93,2025-08-19
biber,şok,14.33,2025-08-19
biber,Bim,30.77,2025-08-19
biber,sultan,21.0,2025-08-19
biber,File,6.7,2025-08-19
salatalık,A101,83.93,2025-08-19
salatalık,şok,99.37,2025-08-19
salatalık,Bim,79.72,2025-08-19
salatalık,sultan,50.99,2025-08-19
salatalık,File,73.33,2025-08-19
elma,A101,82.76,2025-08-19
elma,şok,51.22,2025-08-19
elma,Bim,96.6,2025-08-19
elma,sultan,81.99,2025-08-19
elma,File,55.67,2025-08-19
muz,A101,68.4,2025-08-19
muz,şok,81.46,2025-08-19
muz,Bim,69.13,2025-08-19
muz,sultan,71.65,2025-08-19
muz,File,62.03,2025-08-19
portakal,A101,7.49,2025-08-19
portakal,şok,54.05,2025-08-19
portakal,Bim,25.22,2025-08-19
portakal,sultan,86.43,2025-08-19
portakal,File,10.47,2025-08-19
süt,A101,67.3,2025-08-19
süt,şok,82.43,2025-08-19
süt,Bim,79.79,2025-08-19
süt,sultan,15.98,2025-08-19
süt,File,33.92,2025-08-19
peynir,A101,54.48,2025-08-19
peynir,şok,91.0,2025-08-19
peynir,Bim,45.92,2025-08-19
peynir,sultan,23.99,2025-08-19
peynir,File,78.37,2025-08-19
yumurta,A101,97.71,2025-08-19
yumurta,şok,33.08,2025-08-19
yumurta,Bim,48.52,2025-08-19
yumurta,sultan,40.29,2025-08-19
yumurta,File,38.74,2025-08-19
un,A101,93.05,2025-08-19
un,şok,58.81,2025-08-19
un,Bim,23.86,2025-08-19
un,sultan,62.97,2025-08-19
un,File,24.42,2025-08-19
pirinç,A101,92.32,2025-08-19
pirinç,şok,33.51,2025-08-19
pirinç,Bim,30.91,2025-08-19
pirinç,sultan,13.15,2025-08-19
pirinç,File,44.32,2025-08-19
zeytinyağı,A101,56.55,2025-08-19
zeytinyağı,şok,84.23,2025-08-19
zeytinyağı,Bim,27.69,2025-08-19
zeytinyağı,sultan,18.37,2025-08-19
zeytinyağı,File,10.69,2025-08-19
şeker,A101,45.96,2025-08-19
şeker,şok,65.22,2025-08-19
şeker,Bim,71.32,2025-08-19
şeker,sultan,98.01,2025-08-19
şeker,File,64.24,2025-08-19
domates,A101,91.32,2025-08-18
domates,şok,84.91,2025-08-18
domates,Bim,71.07,2025-08-18
domates,sultan,84.22,2025-08-18
domates,File,86.57,2025-08-18
patates,A101,79.53,2025-08-18
patates,şok,21.4,2025-08-18
patates,Bim,86.18,2025-08-18
patates,sultan,97.32,2025-08-18
patates,File,81.87,2025-08-18
soğan,A101,67.38,2025-08-18
soğan,şok,65.92,2025-08-18
soğan,Bim,71.27,2025-08-18
soğan,sultan,96.87,2025-08-18
soğan,File,29.96,2025-08-18
biber,A101,49.68,2025-08-18
biber,şok,18.68,2025-08-18
biber,Bim,30.97,2025-08-18
biber,sultan,67.48,2025-08-18
biber,File,41.63,2025-08-18
salatalık,A101,22.44,2025-08-18
salatalık,şok,20.36,2025-08-18
salatalık,Bim,77.84,2025-08-18
salatalık,sultan,87.42,2025-08-18
salatalık,File,36.63,2025-08-18
elma,A101,68.13,2025-08-18
elma,şok,57.95,2025-08-18
elma,Bim,22.51,2025-08-18
elma,sultan,60.19,2025-08-18
elma,File,57.45,2025-08-18
muz,A101,66.48,2025-08-18
muz,şok,49.77,2025-08-18
muz,Bim,28.43,2025-08-18
muz,sultan,84.47,2025-08-18
muz,File,52.02,2025-08-18
portakal,A101,6.5,2025-08-18
portakal,şok,70.62,2025-08-18
portakal,Bim,46.08,2025-08-18
portakal,sultan,79.35,2025-08-18
portakal,File,29.51,2025-08-18
süt,A101,42.36,2025-08-18
süt,şok,22.8,2025-08-18
süt,Bim,98.35,2025-08-18
süt,sultan,51.08,2025-08-18
süt,File,71.81,2025-08-18
peynir,A101,78.9,2025-08-18
peynir,şok,13.47,2025-08-18
peynir,Bim,7.89,2025-08-18
peynir,sultan,7.88,2025-08-18
peynir,File,54.05,2025-08-18
yumurta,A101,57.82,2025-08-18
yumurta,şok,38.47,2025-08-18
yumurta,Bim,26.95,2025-08-18
yumurta,sultan,47.21,2025-08-18
yumurta,File,7.76,2025-08-18
un,A101,82.19,2025-08-18
un,şok,51.19,2025-08-18
un,Bim,65.95,2025-08-18
un,sultan,82.32,2025-08-18
un,File,39.85,2025-08-18
pirinç,A101,6.41,2025-08-18
pirinç,şok,26.06,2025-08-18
pirinç,Bim,64.17,2025-08-18
pirinç,sultan,79.49,2025-08-18
pirinç,File,10.62,2025-08-18
zeytinyağı,A101,8.65,2025-08-18
zeytinyağı,şok,62.96,2025-08-18
zeytinyağı,Bim,15.39,2025-08-18
zeytinyağı,sultan,18.61,2025-08-18
zeytinyağı,File,9.94,2025-08-18
şeker,A101,64.72,2025-08-18
şeker,şok,84.25,2025-08-18
şeker,Bim,48.58,2025-08-18
şeker,sultan,5.78,2025-08-18
şeker,File,21.12,2025-08-18
